eez_code,eez_territory_iso3,flag,eez_name,eez_lon,eez_lat,eez,eez_lon_edit,eez_lat_edit,flag_lon,flag_lat,flag_lon_edit,flag_lat_edit,geometry
8392,TGO,GHA,Togolese Exclusive Economic Zone,1.8213304250742488,4.639544553462547,NA,NA,NA,-1.2167656580729072,7.953456435414082,NA,NA,"c(-1.21676565807292, -0.605875334657043, 0.00321199286457841, 0.610664270598875, 1.21664841728202, 1.82133042507425, 7.95345643541408, 7.29215593662657, 6.63003782113088, 5.96717912062985, 5.3036561442526, 4.63954455346254)"
