eez_code,eez_territory_iso3,flag,eez_name,eez_lon,eez_lat,eez,eez_lon_edit,eez_lat_edit,flag_lon,flag_lat,flag_lon_edit,flag_lat_edit,geometry
8393,BEN,GHA,Beninese Exclusive Economic Zone,2.421155382309287,4.841827508518732,NA,NA,NA,-1.2167656580729072,7.953456435414082,NA,NA,"c(-1.21676565807292, -0.607197665762243, 0.000935694306946289, 0.607736250998528, 1.21330555940625, 1.81774491725122, 2.42115538230928, 7.95345643541408, 7.43672810687241, 6.91916942050878, 6.40084050636372, 5.88180106889519, 5.36211041942708, 4.84182750851873)"
